"code_trait";"Annee";"depth";"Trait";"Lat";"Lon";"risk"
"1";"MEDITS_2017_G407_40";2017;681;"G407";42.98844808;5.114600118;0
"2";"MEDITS_2018_G504_42";2018;892.6147541;"G504";42.5567;4.20705;0
"3";"MEDITS_2014_G504_69";2014;823.5;"G504";42.57158333;4.212083333;0
"4";"MEDITS_2017_G504_78";2017;832.5;"G504";42.55764974;4.20535024;0
"5";"MEDITS_2015_G504_62";2015;835;"G504";42.57566667;4.2105;0
"6";"MEDITS_2016_G504_52";2016;814.5;"G504";42.55760091;4.207899984;0
"7";"MEDITS_2016_G407_31";2016;463.5;"G407";42.9912028;5.115400187;0
"8";"MEDITS_2016_G503_65";2016;700;"G503";42.68179932;3.966450246;0
"10";"MEDITS_2014_G502_40";2014;675.5;"G502";42.57558333;3.847916667;0
"11";"MEDITS_2012_G502_28";2012;670;"G502";42.57925;3.845666667;0
"12";"MEDITS_2018_G503_50";2018;756.9256198;"G503";42.6786;3.97015;0
"13";"MEDITS_2017_G503_76";2017;798;"G503";42.65239665;3.992500051;0.0985365062952042
"14";"MEDITS_2013_G504_63";2013;815;"G504";42.55458333;4.20725;0
"15";"MEDITS_2018_G502_49";2018;660.2786885;"G502";42.57495;3.85455;0
"16";"MEDITS_2018_G232_38";2018;91.5483871;"G232";43.17785;3.8275;6.00406694412231
"17";"MEDITS_2015_G111_50";2015;34;"G111";43.34983333;4.33175;11.8551931381226
"18";"MEDITS_2015_G109_49";2015;31;"G109";43.43925;4.040416667;14.3618488311768
"19";"MEDITS_2014_G204_49";2014;60.5;"G204";42.98666667;3.290666667;4.53645372390747
"20";"MEDITS_2016_G225_84";2016;95;"G225";43.08835042;4.159899902;3.2847912311554
"21";"MEDITS_2017_G220_35";2017;91;"G220";43.22139893;3.909399923;4.7206392288208
"22";"MEDITS_2018_G208_83";2018;92.08064516;"G208";42.8418;3.45275;3.63550567626953
"23";"MEDITS_2018_G229_61";2018;75.0483871;"G229";43.1634;4.42875;5.34447288513184
"24";"MEDITS_2012_G107_54";2012;34;"G107";43.2825;3.613833333;26.2027530670166
"25";"MEDITS_2016_G208_42";2016;95;"G208";42.84149984;3.45069987;4.09830808639526
"26";"MEDITS_2014_G227_29";2014;71.5;"G227";43.25016667;4.314333333;6.35913705825806
"27";"MEDITS_2015_G229_84";2015;77.5;"G229";43.16441667;4.429666667;5.34447288513184
"28";"MEDITS_2015_G223_81";2015;92;"G223";43.21208333;4.101583333;4.34172916412354
"29";"MEDITS_2014_G202_62";2014;84;"G202";42.71825;3.249666667;9.19649505615234
"30";"MEDITS_2015_G202_72";2015;85;"G202";42.71283333;3.249166667;9.19649505615234
"31";"MEDITS_2017_G104_85";2017;41.5;"G104";42.95465088;3.172499593;8.61080265045166
"32";"MEDITS_2014_G106_85";2014;38.5;"G106";43.2115;3.543916667;11.4665422439575
"33";"MEDITS_2018_G225_35";2018;91.46774194;"G225";43.086;4.1692;3.2847912311554
"34";"MEDITS_2014_G206_48";2014;84;"G206";42.81141667;3.318083333;6.58019638061523
"35";"MEDITS_2018_G221_56";2018;95.15873016;"G221";43.08265;4.00165;6.37263345718384
"36";"MEDITS_2018_G231_64";2018;95.5;"G231";43.17635;4.77855;3.51359462738037
"37";"MEDITS_2017_G222_58";2017;93.5;"G222";43.00349935;4.018000031;5.64140748977661
"38";"MEDITS_2015_G105_53";2015;38.5;"G105";43.12508333;3.337083333;7.17482900619507
"39";"MEDITS_2015_G201_42";2015;79;"G201";42.59816667;3.202;6.82242298126221
"40";"MEDITS_2016_G223_56";2016;90.5;"G223";43.21195068;4.104049937;4.34172916412354
"41";"MEDITS_2015_G206_59";2015;85.5;"G206";42.81791667;3.3175;6.58019638061523
"42";"MEDITS_2016_G220_57";2016;92.5;"G220";43.21900635;3.911149851;4.7206392288208
"43";"MEDITS_2012_G205_46";2012;73.5;"G205";42.90741667;3.29775;4.28716611862183
"44";"MEDITS_2018_G204_86";2018;58.11111111;"G204";42.99205;3.2945;4.76835155487061
"45";"MEDITS_2018_G205_87";2018;71.6875;"G205";42.90925;3.30415;4.43464088439941
"46";"MEDITS_2017_G110_28";2017;24.5;"G110";43.41199951;4.251050313;20.7722263336182
"47";"MEDITS_2017_G217_55";2017;94;"G217";43.1176473;3.872549947;5.61000490188599
"48";"MEDITS_2014_G105_86";2014;38.5;"G105";43.11966667;3.335083333;8.61471652984619
"49";"MEDITS_2012_G206_45";2012;84;"G206";42.80975;3.3185;6.58019638061523
"50";"MEDITS_2015_G107_52";2015;35;"G107";43.27991667;3.610666667;26.2027530670166
"51";"MEDITS_2017_G226_36";2017;85.5;"G226";43.17735189;4.278750102;5.28695631027222
"52";"MEDITS_2015_G309_25";2015;114.5;"G309";43.1385;4.976916667;2.58823204040527
"53";"MEDITS_2012_G209_41";2012;99.5;"G209";42.70158333;3.51725;4.09089231491089
"54";"MEDITS_2018_G216_53";2018;92.67213115;"G216";43.0256;3.83025;5.97121429443359
"55";"MEDITS_2012_G226_63";2012;88;"G226";43.17266667;4.288333333;4.58799648284912
"56";"MEDITS_2015_G225_76";2015;94;"G225";43.08775;4.165;3.2847912311554
"57";"MEDITS_2018_G104_75";2018;40.19047619;"G104";42.9556;3.1725;8.61080265045166
"58";"MEDITS_2014_G229_53";2014;78;"G229";43.16108333;4.432666667;5.34447288513184
"59";"MEDITS_2015_G228_86";2015;64;"G228";43.25516667;4.395666667;7.3056902885437
"60";"MEDITS_2016_G213_59";2016;91;"G213";43.04415283;3.662099965;4.04673957824707
"61";"MEDITS_2014_G220_50";2014;94;"G220";43.217;3.913;4.7206392288208
"62";"MEDITS_2012_G229_64";2012;77.5;"G229";43.16458333;4.429166667;5.34447288513184
"63";"MEDITS_2013_G226_88";2013;86;"G226";43.17258333;4.28725;4.58799648284912
"64";"MEDITS_2016_G219_27";2016;66;"G219";43.34510091;3.909049988;6.34354162216187
"65";"MEDITS_2018_G102_79";2018;37.5;"G102";42.61865;3.1125;29.1455478668213
"66";"MEDITS_2018_G309_26";2018;110.7777778;"G309";43.14675;4.98805;4.80743598937988
"67";"MEDITS_2018_G210_85";2018;86.77419355;"G210";43.04125;3.55475;4.44113731384277
"68";"MEDITS_2016_G112_85";2016;40.5;"G112";43.30840251;4.540649923;11.0660972595215
"69";"MEDITS_2012_G223_61";2012;92.5;"G223";43.21041667;4.088583333;3.89888262748718
"70";"MEDITS_2013_G309_78";2013;111.5;"G309";43.14283333;4.985666667;4.80743598937988
"71";"MEDITS_2014_G103_47";2014;48.5;"G103";42.74583333;3.140666667;20.689546585083
"72";"MEDITS_2018_G226_60";2018;85;"G226";43.17425;4.28925;4.58799648284912
"73";"MEDITS_2016_G107_44";2016;31.5;"G107";43.28719482;3.619900004;26.2027530670166
"74";"MEDITS_2014_G201_64";2014;78;"G201";42.59866667;3.201583333;6.82242298126221
"75";"MEDITS_2015_G224_82";2015;90;"G224";43.21825;4.1555;4.78011035919189
"76";"MEDITS_2012_G232_24";2012;94;"G232";43.18033333;3.8275;6.00406694412231
"77";"MEDITS_2014_G225_72";2014;94;"G225";43.0845;4.174833333;3.2847912311554
"78";"MEDITS_2014_G228_56";2014;65;"G228";43.25283333;4.39875;7.3056902885437
"79";"MEDITS_2012_G227_71";2012;72;"G227";43.26316667;4.300416667;7.21251678466797
"80";"MEDITS_2015_G211_69";2015;84.5;"G211";43.10083333;3.59;5.01997947692871
"81";"MEDITS_2015_G204_56";2015;61.5;"G204";42.993;3.29525;4.76835155487061
"82";"MEDITS_2013_G108_84";2013;23;"G108";43.45491667;3.940083333;20.8706455230713
"83";"MEDITS_2015_G220_79";2015;94;"G220";43.2165;3.914333333;4.7206392288208
"84";"MEDITS_2018_G209_90";2018;97.33870968;"G209";42.70155;3.51625;4.09089231491089
"85";"MEDITS_2018_G105_73";2018;35.4516129;"G105";43.12675;3.33835;7.17482900619507
"86";"MEDITS_2015_G106_67";2015;38;"G106";43.21708333;3.546416667;11.4665422439575
"87";"MEDITS_2014_G104_87";2014;43;"G104";42.95475;3.172583333;8.61080265045166
"88";"MEDITS_2014_G219_31";2014;67;"G219";43.346;3.905583333;6.52092456817627
"89";"MEDITS_2014_G226_51";2014;88;"G226";43.17375;4.283666667;4.58799648284912
"90";"MEDITS_2015_G230_88";2015;71;"G230";43.25316667;4.726;5.17835664749146
"91";"MEDITS_2015_G203_41";2015;88.5;"G203";42.51041667;3.248416667;1.49886953830719
"92";"MEDITS_2017_G202_65";2017;84;"G202";42.71750081;3.247000122;9.19649505615234
"93";"MEDITS_2016_G226_54";2016;86;"G226";43.17284749;4.285900116;4.58799648284912
"94";"MEDITS_2017_G231_43";2017;97;"G231";43.17525228;4.7938001;2.06259202957153
"95";"MEDITS_2016_G229_53";2016;77.5;"G229";43.15620117;4.436949921;4.89516019821167
"96";"MEDITS_2016_G228_29";2016;63;"G228";43.25314941;4.397749837;7.3056902885437
"97";"MEDITS_2013_G228_86";2013;62.5;"G228";43.25208333;4.397666667;7.3056902885437
"98";"MEDITS_2014_G224_30";2014;89.5;"G224";43.21791667;4.157583333;4.78011035919189
"99";"MEDITS_2017_G227_37";2017;69.5;"G227";43.25180257;4.308399963;6.35913705825806
"100";"MEDITS_2018_G111_67";2018;31.17460317;"G111";43.3459;4.34225;11.93101978302
"101";"MEDITS_2013_G216_69";2013;96;"G216";43.022;3.832416667;5.06149291992188
"102";"MEDITS_2017_G230_25";2017;68;"G230";43.25855306;4.731799825;5.44698476791382
"103";"MEDITS_2012_C203_9";2012;68.5;"C203";41.97433333;9.545333333;1.34046256542206
"104";"MEDITS_2014_G210_59";2014;88.5;"G210";43.04216667;3.546833333;4.37290096282959
"105";"MEDITS_2016_G232_58";2016;92.5;"G232";43.18440348;3.826450348;6.00406694412231
"106";"MEDITS_2015_G232_80";2015;93.5;"G232";43.18725;3.825333333;6.00406694412231
"107";"MEDITS_2015_G208_58";2015;96;"G208";42.84191667;3.45;3.63550567626953
"108";"MEDITS_2018_G305_33";2018;109.9677419;"G305";42.9954;4.4148;2.18218231201172
"109";"MEDITS_2017_G205_83";2017;72.5;"G205";42.90745036;3.297699992;4.28716611862183
"110";"MEDITS_2016_G104_61";2016;42.5;"G104";42.95100098;3.173650106;8.61080265045166
"111";"MEDITS_2018_G213_52";2018;88.61904762;"G213";43.04455;3.65315;3.24978446960449
"112";"MEDITS_2012_G217_82";2012;94;"G217";43.09516667;3.870583333;4.4804310798645
"113";"MEDITS_2012_G225_75";2012;94;"G225";43.085;4.171833333;3.2847912311554
"114";"MEDITS_2012_G202_43";2012;85.5;"G202";42.71091667;3.249416667;9.19649505615234
"115";"MEDITS_2014_C203_14";2014;68.5;"C203";41.97691667;9.5465;1.60397255420685
"116";"MEDITS_2015_G104_55";2015;43.5;"G104";42.95458333;3.171916667;8.61080265045166
"117";"MEDITS_2018_G201_77";2018;75.96774194;"G201";42.59765;3.2025;6.82242298126221
"118";"MEDITS_2014_G207_65";2014;87;"G207";42.7585;3.329916667;6.49904012680054
"119";"MEDITS_2014_G217_32";2014;96;"G217";43.09633333;3.870333333;4.4804310798645
"120";"MEDITS_2016_G305_49";2016;109.5;"G305";42.99584554;4.413999939;2.18218231201172
"121";"MEDITS_2013_G308_79";2013;109.5;"G308";43.05808333;4.8445;2.05671691894531
"122";"MEDITS_2016_G207_72";2016;87.5;"G207";42.75555013;3.327000173;6.84828662872314
"123";"MEDITS_2014_G223_71";2014;93;"G223";43.21275;4.108916667;4.21512746810913
"124";"MEDITS_2014_G309_27";2014;113.5;"G309";43.14616667;4.982416667;4.80743598937988
"125";"MEDITS_2017_G224_31";2017;87;"G224";43.21745199;4.168400065;5.24850654602051
"126";"MEDITS_2015_C201_2";2015;90;"C201";41.48691667;9.46725;1.00371384620667
"127";"MEDITS_2013_G229_80";2013;75.5;"G229";43.166;4.428083333;5.34447288513184
"128";"MEDITS_2015_G103_71";2015;48;"G103";42.74566667;3.140416667;20.689546585083
"129";"MEDITS_2013_G223_81";2013;90;"G223";43.20808333;4.100833333;2.68479585647583
"130";"MEDITS_2012_G221_83";2012;97;"G221";43.07941667;4.007333333;6.37263345718384
"131";"MEDITS_2012_G220_74";2012;94;"G220";43.213;3.923666667;4.7206392288208
"132";"MEDITS_2014_G213_60";2014;91;"G213";43.04325;3.64225;3.24978446960449
"133";"MEDITS_2018_G202_78";2018;81.82539683;"G202";42.71815;3.24935;9.19649505615234
"134";"MEDITS_2012_G210_57";2012;90;"G210";43.03916667;3.561166667;2.53022432327271
"135";"MEDITS_2015_G219_29";2015;69;"G219";43.34475;3.90725;6.52092456817627
"136";"MEDITS_2013_G217_72";2013;95;"G217";43.09341667;3.871083333;4.4804310798645
"137";"MEDITS_2015_G217_30";2015;95.5;"G217";43.09925;3.869166667;4.4804310798645
"138";"MEDITS_2015_G214_31";2015;93;"G214";42.90091667;3.679916667;2.82841086387634
"139";"MEDITS_2018_C201_4";2018;88.11111111;"C201";41.48885;9.466;1.00371384620667
"140";"MEDITS_2013_G224_82";2013;87;"G224";43.21775;4.162583333;5.24850654602051
"141";"MEDITS_2014_G221_80";2014;98;"G221";43.08225;4.002;6.37263345718384
"142";"MEDITS_2018_G223_57";2018;89.80952381;"G223";43.2121;4.0993;4.34172916412354
"143";"MEDITS_2015_G112_85";2015;39;"G112";43.31116667;4.53975;11.0660972595215
"144";"MEDITS_2014_G208_61";2014;94.5;"G208";42.84333333;3.4475;3.63550567626953
"145";"MEDITS_2018_G101_74";2018;29.9516129;"G101";42.96125;3.09115;0.203544124960899
"146";"MEDITS_2016_G227_28";2016;68;"G227";43.25409749;4.299700165;7.13235759735107
"147";"MEDITS_2017_G206_67";2017;85;"G206";42.80575358;3.31815033;7.53041172027588
"148";"MEDITS_2018_G207_89";2018;83.78125;"G207";42.75315;3.32285;8.94357013702393
"149";"MEDITS_2014_G205_66";2014;75;"G205";42.90883333;3.303833333;4.43464088439941
"150";"MEDITS_2016_G224_55";2016;88.5;"G224";43.21720378;4.165999858;5.24850654602051
"151";"MEDITS_2012_G109_53";2012;32;"G109";43.43525;4.048916667;14.1827745437622
"152";"MEDITS_2018_G228_63";2018;63.90322581;"G228";43.2479;4.4013;7.3056902885437
"153";"MEDITS_2016_G205_48";2016;74;"G205";42.90875244;3.305050151;4.43464088439941
"154";"MEDITS_2017_G229_61";2017;78.5;"G229";43.16019694;4.431800079;5.34447288513184
"155";"MEDITS_2016_G210_43";2016;89;"G210";43.04045003;3.555400085;4.44113731384277
"156";"MEDITS_2018_G206_88";2018;80.93548387;"G206";42.8161;3.3175;6.58019638061523
"157";"MEDITS_2013_G221_73";2013;96;"G221";43.0815;4.004166667;6.37263345718384
"158";"MEDITS_2013_G220_31";2013;91.5;"G220";43.21525;3.914583333;4.7206392288208
"159";"MEDITS_2015_G227_28";2015;71.5;"G227";43.24966667;4.315416667;6.35913705825806
"160";"MEDITS_2014_G211_82";2014;84.5;"G211";43.09483333;3.589916667;5.01997947692871
"161";"MEDITS_2012_C202_18";2012;74.5;"C202";41.83933333;9.451;1.07717502117157
"162";"MEDITS_2015_G221_75";2015;98.5;"G221";43.08558333;3.99775;6.37263345718384
"163";"MEDITS_2018_G219_36";2018;61.46774194;"G219";43.3441;3.9065;6.52092456817627
"164";"MEDITS_2015_G226_83";2015;88;"G226";43.1765;4.283333333;5.28695631027222
"165";"MEDITS_2018_G217_39";2018;93.69230769;"G217";43.09555;3.8703;4.4804310798645
"166";"MEDITS_2018_G103_76";2018;45.70967742;"G103";42.7496;3.13975;20.689546585083
"167";"MEDITS_2015_G306_33";2015;114.5;"G306";43.03358333;4.536083333;5.26149606704712
"168";"MEDITS_2018_G211_51";2018;81.43548387;"G211";43.1054;3.5895;5.01997947692871
"169";"MEDITS_2018_G227_62";2018;69.85714286;"G227";43.24995;4.3072;7.13235759735107
"170";"MEDITS_2014_G216_81";2014;96;"G216";43.02058333;3.833333333;5.06149291992188
"171";"MEDITS_2017_G219_34";2017;65;"G219";43.34534912;3.903749847;6.52092456817627
"172";"MEDITS_2013_G219_30";2013;71.5;"G219";43.3425;3.908666667;6.34354162216187
"173";"MEDITS_2014_C205_5";2014;86;"C205";42.35325;9.604;0.0465686358511448
"174";"MEDITS_2018_G304_34";2018;125.2;"G304";42.876;4.40225;2.11661624908447
"175";"MEDITS_2016_G216_63";2016;95;"G216";43.0213501;3.833150228;5.06149291992188
"177";"MEDITS_2017_G402_81";2017;316.5;"G402";42.59014893;3.681299845;0.0177357234060764
"178";"MEDITS_2018_G220_37";2018;91.17460317;"G220";43.21625;3.91435;4.7206392288208
"180";"MEDITS_2013_G406_75";2013;213.5;"G406";42.86016667;4.6795;0.453981190919876
"181";"MEDITS_2017_G212_49";2017;100.5;"G212";42.67364909;3.591250102;5.22948598861694
"183";"MEDITS_2017_G208_52";2017;91.5;"G208";42.84744873;3.422949727;4.5770149230957
"184";"MEDITS_2018_G407_25";2018;511.2131148;"G407";42.99975;5.11585;0
"185";"MEDITS_2018_G402_43";2018;314.7786885;"G402";42.58625;3.6955;0
"186";"MEDITS_2016_G215_79";2016;97.5;"G215";42.88384603;3.804100291;1.61518180370331
"187";"MEDITS_2016_G201_76";2016;78.5;"G201";42.5944458;3.201350149;6.82242298126221
"188";"MEDITS_2017_G213_53";2017;89;"G213";43.04474691;3.663800049;4.04673957824707
"189";"MEDITS_2015_G406_34";2015;293.5;"G406";42.8585;4.689333333;0.453981190919876
"190";"MEDITS_2017_G406_45";2017;289;"G406";42.86110026;4.685050201;0.453981190919876
"192";"MEDITS_2017_G201_51";2017;76;"G201";42.59335124;3.19960022;6.82242298126221
"193";"MEDITS_2015_C301_5";2015;111;"C301";41.63;9.466416667;2.02304124832153
"194";"MEDITS_2017_G105_89";2017;38;"G105";43.12804769;3.339800008;7.17482900619507
"195";"MEDITS_2016_G214_78";2016;93.5;"G214";42.90169678;3.6875501;2.82841086387634
"196";"MEDITS_2016_G302_40";2016;112;"G302";42.60609945;3.573650106;0.4536954164505
"197";"MEDITS_2016_G206_77";2016;84.5;"G206";42.81185303;3.319100189;6.58019638061523
"199";"MEDITS_2016_G218_81";2016;95;"G218";42.98450114;3.888750203;6.80727005004883
"200";"MEDITS_2016_G217_80";2016;96;"G217";43.09840088;3.870099894;4.4804310798645
"201";"MEDITS_2017_G404_48";2017;419.5;"G404";42.77115072;3.908900452;1.18202495574951
"202";"MEDITS_2017_G106_88";2017;38.5;"G106";43.2194987;3.547600047;11.4665422439575
"203";"MEDITS_2016_G406_36";2016;228;"G406";42.85974935;4.687850189;0.453981190919876
"205";"MEDITS_2017_G209_50";2017;96;"G209";42.70425212;3.533650208;3.99400448799133
"206";"MEDITS_2016_G306_37";2016;107.5;"G306";43.03769938;4.530450185;5.26149606704712
"207";"MEDITS_2017_G405_77";2017;437;"G405";42.675;4.125;0.0344409830868244
"208";"MEDITS_2017_G111_27";2017;31.5;"G111";43.34699707;4.340999858;11.8551931381226
"209";"MEDITS_2018_G404_81";2018;426.1311475;"G404";42.7715;3.90825;0.914869070053101
"210";"MEDITS_2015_G404_65";2015;412;"G404";42.77883333;3.90575;1.34395170211792
"217";"MEDITS_2015_G215_32";2015;96.5;"G215";42.88375;3.805666667;1.61518180370331
"219";"MEDITS_2015_G302_37";2015;109.5;"G302";42.61433333;3.570333333;2.69395971298218
"222";"MEDITS_2013_G202_61";2013;83.5;"G202";42.70991667;3.248416667;9.19649505615234
"229";"MEDITS_2016_G109_26";2016;30.5;"G109";43.43430176;4.052549744;14.1827745437622
"234";"MEDITS_2013_G227_87";2013;69;"G227";43.25108333;4.310833333;6.35913705825806
"237";"MEDITS_2016_G230_24";2016;68.5;"G230";43.25650228;4.73100001;5.17835664749146
"240";"MEDITS_2015_G210_74";2015;89.5;"G210";43.04175;3.557833333;4.37290096282959
"241";"MEDITS_2015_G503_63";2015;693;"G503";42.68216667;3.96525;0
"244";"MEDITS_2018_G306_32";2018;105.9354839;"G306";43.0422;4.5245;3.17301654815674
"246";"MEDITS_2014_G209_46";2014;98;"G209";42.70458333;3.533416667;3.99400448799133
"248";"MEDITS_2015_G405_61";2015;438.5;"G405";42.67091667;4.13425;0
"251";"MEDITS_2015_G108_48";2015;25;"G108";43.45908333;3.93575;20.1414489746094
"253";"MEDITS_2017_G109_30";2017;28.5;"G109";43.43975016;4.040899913;14.3618488311768
"256";"MEDITS_2013_G110_85";2013;24.5;"G110";43.41283333;4.2485;20.7722263336182
"257";"MEDITS_2013_G109_83";2013;29;"G109";43.4375;4.044666667;14.1827745437622
"258";"MEDITS_2017_G207_66";2017;86.5;"G207";42.76220296;3.33164978;6.49904012680054
"259";"MEDITS_2014_G232_84";2014;93.5;"G232";43.18316667;3.826833333;6.00406694412231
"260";"MEDITS_2016_G111_25";2016;32.5;"G111";43.34569906;4.344000244;11.93101978302
"261";"MEDITS_2015_G402_38";2015;323;"G402";42.58733333;3.705166667;0
"265";"MEDITS_2017_G221_59";2017;98.5;"G221";43.09124349;3.985700226;5.17009496688843
"272";"MEDITS_2012_G404_26";2012;398;"G404";42.77858333;3.906666667;1.34395170211792
"273";"MEDITS_2015_G231_87";2015;98.5;"G231";43.17558333;4.7865;3.51359462738037
"278";"MEDITS_2013_G306_34";2013;112.5;"G306";43.03275;4.537666667;5.26149606704712
"279";"MEDITS_2017_G103_68";2017;49;"G103";42.7452474;3.140649923;20.689546585083
"280";"MEDITS_2013_G222_74";2013;91.5;"G222";42.98766667;4.025166667;6.01661491394043
"283";"MEDITS_2017_G215_74";2017;96;"G215";42.87755127;3.807249959;1.61518180370331
"284";"MEDITS_2016_G211_62";2016;85.5;"G211";43.09175212;3.590149689;5.01997947692871
"286";"MEDITS_2015_G502_44";2015;668;"G502";42.57625;3.8535;0
"289";"MEDITS_2015_G110_51";2015;26.5;"G110";43.41233333;4.250083333;20.7722263336182
"290";"MEDITS_2013_G232_71";2013;91.5;"G232";43.18333333;3.82675;6.00406694412231
"291";"MEDITS_2017_G210_86";2017;87;"G210";43.04389648;3.545149994;4.37290096282959
"293";"MEDITS_2017_G301_70";2017;115;"G301";42.46990153;3.356749725;1.1557457447052
"295";"MEDITS_2017_G501_82";2017;469.5;"G501";42.51859538;3.620700073;0.00797677785158157
"296";"MEDITS_2017_G302_80";2017;111.5;"G302";42.59799805;3.575650024;0.39744359254837
"298";"MEDITS_2015_G213_68";2015;93;"G213";43.0445;3.659083333;4.04673957824707
"300";"MEDITS_2015_G205_57";2015;75;"G205";42.90925;3.306416667;4.43464088439941
"301";"MEDITS_2013_C303_20";2013;106;"C303";42.25008333;9.634;0
"302";"MEDITS_2013_G230_27";2013;69.5;"G230";43.24933333;4.722083333;4.88958120346069
"304";"MEDITS_2014_G301_43";2014;114.5;"G301";42.46841667;3.35625;1.1557457447052
"305";"MEDITS_2014_G304_73";2014;112.5;"G304";42.87333333;4.404166667;1.99251294136047
"307";"MEDITS_2016_G505_38";2016;513;"G505";42.80284831;4.705799866;0.0818491876125336
"315";"MEDITS_2015_G301_40";2015;115;"G301";42.47033333;3.356583333;1.1557457447052
"316";"MEDITS_2018_G230_65";2018;70.390625;"G230";43.24625;4.7234;4.88958120346069
"317";"MEDITS_2014_G112_54";2014;40;"G112";43.30858333;4.540333333;11.0660972595215
"318";"MEDITS_2018_G109_69";2018;29.55555556;"G109";43.4353;4.04725;14.1827745437622
"320";"MEDITS_2015_G212_64";2015;104;"G212";42.66941667;3.592;5.35741424560547
"321";"MEDITS_2018_G112_66";2018;38;"G112";43.31045;4.53925;11.0660972595215
"322";"MEDITS_2017_G401_72";2017;347;"G401";42.47354736;3.591250356;0
"323";"MEDITS_2017_G102_64";2017;40;"G102";42.62650146;3.112599945;29.0389938354492
"325";"MEDITS_2014_G231_52";2014;98;"G231";43.17591667;4.780666667;3.51359462738037
"330";"MEDITS_2014_G230_55";2014;70.5;"G230";43.25841667;4.73275;5.44698476791382
"332";"MEDITS_2015_G207_73";2015;87;"G207";42.75841667;3.32975;6.49904012680054
"336";"MEDITS_2018_G301_46";2018;110.852459;"G301";42.4771;3.3564;1.77874314785004
"337";"MEDITS_2017_G232_33";2017;91;"G232";43.18715007;3.826899719;6.00406694412231
"342";"MEDITS_2016_G102_73";2016;40;"G102";42.61660156;3.113300069;29.1455478668213
"344";"MEDITS_2014_G215_34";2014;95.5;"G215";42.88141667;3.806333333;1.61518180370331
"347";"MEDITS_2014_G405_68";2014;447;"G405";42.66991667;4.139166667;0
"349";"MEDITS_2013_G112_28";2013;38;"G112";43.30741667;4.540666667;9.5607738494873
"351";"MEDITS_2018_G107_71";2018;31.25806452;"G107";43.28775;3.622;26.2027530670166
"352";"MEDITS_2016_G105_46";2016;36;"G105";43.12565104;3.338749695;7.17482900619507
"354";"MEDITS_2016_C401_4";2016;367;"C401";41.54440104;9.551500448;0.0526677556335926
"356";"MEDITS_2017_G502_79";2017;646.5;"G502";42.57739665;3.843150075;0
"357";"MEDITS_2017_G306_44";2017;110;"G306";43.03610026;4.532450104;5.26149606704712
"358";"MEDITS_2015_G218_66";2015;54.5;"G218";42.98516667;3.889416667;6.80727005004883
"360";"MEDITS_2014_G404_36";2014;396.5;"G404";42.7795;3.906166667;1.34395170211792
"361";"MEDITS_2015_G209_60";2015;101.5;"G209";42.70016667;3.511333333;4.09089231491089
"363";"MEDITS_2014_G503_37";2014;667.5;"G503";42.68566667;3.966916667;0
"364";"MEDITS_2015_G401_43";2015;394.5;"G401";42.47233333;3.594083333;0.0608454905450344
"365";"MEDITS_2014_G401_41";2014;361;"G401";42.47333333;3.582166667;0
"367";"MEDITS_2013_G111_29";2013;32.5;"G111";43.34966667;4.327916667;11.8551931381226
"368";"MEDITS_2014_G214_33";2014;95;"G214";42.90025;3.673666667;3.34576892852783
"369";"MEDITS_2014_G402_39";2014;337.5;"G402";42.58791667;3.7055;0
"370";"MEDITS_2017_G505_47";2017;610;"G505";42.80024821;4.709700012;0.000572371936868876
"371";"MEDITS_2018_G110_68";2018;25.61290323;"G110";43.4071;4.25235;13.8869371414185
"372";"MEDITS_2016_G231_30";2016;96;"G231";43.17684733;4.779749807;3.51359462738037
"373";"MEDITS_2014_G102_63";2014;40.5;"G102";42.61925;3.113916667;29.1455478668213
"378";"MEDITS_2018_G224_58";2018;87.40322581;"G224";43.21775;4.16085;5.24850654602051
"388";"MEDITS_2016_C408_1";2016;333;"C408";42.95320231;9.61499939;0
"390";"MEDITS_2013_C206_2";2013;83;"C206";42.45625;9.621416667;0
"392";"MEDITS_2018_G215_82";2018;94.74193548;"G215";42.8775;3.8077;1.61518180370331
"393";"MEDITS_2013_G205_55";2013;78;"G205";42.91025;3.305;4.43464088439941
"395";"MEDITS_2014_G110_90";2014;26.5;"G110";43.41375;4.24375;20.7722263336182
"397";"MEDITS_2017_G223_32";2017;89;"G223";43.21234945;4.107049815;4.34172916412354
"400";"MEDITS_2018_G106_72";2018;35.53968254;"G106";43.21995;3.54785;11.4665422439575
"405";"MEDITS_2017_C203_11";2017;65.5;"C203";41.97089844;9.542449443;1.34046256542206
"406";"MEDITS_2014_G101_67";2014;31.5;"G101";42.956;3.088416667;0.320259749889374
"407";"MEDITS_2018_C205_22";2018;75.13636364;"C205";42.3871;9.6035;0.0218035001307726
"408";"MEDITS_2013_G103_60";2013;46;"G103";42.74675;3.138833333;20.689546585083
"409";"MEDITS_2018_C204_15";2018;70.01612903;"C204";42.1746;9.6039;0.113789200782776
"411";"MEDITS_2014_G203_44";2014;89;"G203";42.509;3.251333333;1.49886953830719
"417";"MEDITS_2015_C203_10";2015;70.5;"C203";41.97058333;9.542083333;1.34046256542206
"418";"MEDITS_2017_C205_22";2017;80;"C205";42.35489909;9.601899719;0.0465686358511448
"419";"MEDITS_2018_C203_12";2018;66.38095238;"C203";41.97765;9.54725;1.60397255420685
"420";"MEDITS_2018_G203_45";2018;86.11290323;"G203";42.51105;3.2475;1.49886953830719
"421";"MEDITS_2015_G101_54";2015;31;"G101";42.95091667;3.086416667;0.320259749889374
"422";"MEDITS_2013_C204_7";2013;69;"C204";42.16716667;9.603666667;0.113789200782776
"423";"MEDITS_2013_G204_52";2013;59.5;"G204";42.99183333;3.295833333;4.76835155487061
"425";"MEDITS_2014_G109_89";2014;31;"G109";43.43825;4.043583333;14.1827745437622
"434";"MEDITS_2013_G101_53";2013;31.5;"G101";42.963;3.094916667;3.13915348052979
"435";"MEDITS_2016_G203_41";2016;87;"G203";42.50935059;3.25069987;1.49886953830719
"437";"MEDITS_2014_C206_17";2014;83.5;"C206";42.44591667;9.620333333;0
"438";"MEDITS_2015_C304_18";2015;112;"C304";42.36391667;9.618833333;0.0772806704044342
"440";"MEDITS_2016_G103_75";2016;49;"G103";42.7430013;3.140350087;20.689546585083
"441";"MEDITS_2014_C403_21";2014;413;"C403";41.99791667;9.643833333;2.20879602432251
"442";"MEDITS_2013_G102_59";2013;38.5;"G102";42.62391667;3.11375;29.1455478668213
"443";"MEDITS_2012_G108_50";2012;25;"G108";43.45791667;3.938;20.8706455230713
"444";"MEDITS_2017_G101_90";2017;32;"G101";42.98509928;3.098699951;2.97776365280151
"445";"MEDITS_2015_C205_19";2015;86;"C205";42.3605;9.604166667;0.0657604783773422
"446";"MEDITS_2014_G108_88";2014;25.5;"G108";43.45616667;3.9385;20.8706455230713
"448";"MEDITS_2017_C201_5";2017;88;"C201";41.48334961;9.46944987;1.00371384620667
"452";"MEDITS_2018_G108_70";2018;23.88709677;"G108";43.4522;3.9424;17.9807834625244
"453";"MEDITS_2012_C206_4";2012;83;"C206";42.44575;9.61975;0
"454";"MEDITS_2013_C203_9";2013;65;"C203";41.96883333;9.54125;1.44947481155396
"455";"MEDITS_2014_C304_19";2014;111.5;"C304";42.36133333;9.618833333;0.0772806704044342
"456";"MEDITS_2012_C205_5";2012;85.5;"C205";42.35316667;9.604;0.0465686358511448
"457";"MEDITS_2012_C204_8";2012;71;"C204";42.16633333;9.604;0.113789200782776
"458";"MEDITS_2015_G310_24";2015;110;"G310";43.14966667;5.075083333;3.50045371055603
"460";"MEDITS_2014_G306_78";2014;112.5;"G306";43.03566667;4.534083333;5.26149606704712
"463";"MEDITS_2015_G222_77";2015;93.5;"G222";42.994;4.022916667;5.64140748977661
"467";"MEDITS_2017_G203_69";2017;89.5;"G203";42.50965169;3.249150085;1.49886953830719
"468";"MEDITS_2013_G104_54";2013;41;"G104";42.95533333;3.17225;8.61080265045166
"469";"MEDITS_2015_G102_70";2015;41;"G102";42.62133333;3.114166667;29.1455478668213
"471";"MEDITS_2013_C205_6";2013;84.5;"C205";42.361;9.6045;0.0657604783773422
"472";"MEDITS_2016_G101_60";2016;31;"G101";42.95670166;3.091600037;0.320259749889374
"474";"MEDITS_2013_G301_41";2013;110;"G301";42.47708333;3.356666667;1.77874314785004
"475";"MEDITS_2016_G108_87";2016;26;"G108";43.45460205;3.939949799;20.8706455230713
"483";"MEDITS_2012_G110_51";2012;26.5;"G110";43.41341667;4.246083333;20.7722263336182
"485";"MEDITS_2012_G106_55";2012;39;"G106";43.214;3.5445;11.4665422439575
"486";"MEDITS_2014_G111_57";2014;33.5;"G111";43.35066667;4.331;11.8551931381226
"489";"MEDITS_2012_G102_36";2012;40.5;"G102";42.61833333;3.113916667;29.1455478668213
"493";"MEDITS_2015_G303_45";2015;134;"G303";42.83825;4.25625;0.0822307989001274
"497";"MEDITS_2012_G111_52";2012;34.5;"G111";43.35158333;4.322916667;10.065957069397
"510";"MEDITS_2016_G106_45";2016;36;"G106";43.22049967;3.548750051;11.4665422439575
"518";"MEDITS_2012_G231_67";2012;99;"G231";43.176;4.785083333;3.51359462738037
"519";"MEDITS_2012_G103_37";2012;48.5;"G103";42.74433333;3.140083333;20.689546585083
"528";"MEDITS_2018_G401_47";2018;337.9008264;"G401";42.4755;3.5796;0.0947471708059311
"530";"MEDITS_2014_C406_24";2014;353.5;"C406";42.603;9.669166667;0.427832126617432
"533";"MEDITS_2016_G309_33";2016;112;"G309";43.14659831;4.987400055;4.80743598937988
"534";"MEDITS_2015_C504_21";2015;543;"C504";42.44758333;9.71975;0.193024173378944
"538";"MEDITS_2016_C501_5";2016;483;"C501";41.59865316;9.548100281;3.23481464385986
"539";"MEDITS_2017_G112_26";2017;39.5;"G112";43.31075033;4.539499664;11.0660972595215
"541";"MEDITS_2013_G302_43";2013;110;"G302";42.61491667;3.571666667;2.69395971298218
"547";"MEDITS_2013_G214_46";2013;92;"G214";42.90175;3.844166667;2.04555892944336
"549";"MEDITS_2015_C501_4";2015;480;"C501";41.5925;9.553083333;3.23481464385986
"553";"MEDITS_2016_C406_23";2016;352;"C406";42.60240072;9.66914978;0.427832126617432
"559";"MEDITS_2017_G108_29";2017;24;"G108";43.45079753;3.945249939;17.9807834625244
"562";"MEDITS_2013_G501_39";2013;412.5;"G501";42.52083333;3.616;0.00797677785158157
"565";"MEDITS_2014_G407_25";2014;583;"G407";43.00466667;5.119083333;0
"571";"MEDITS_2012_C402_19";2012;473;"C402";41.77691667;9.490166667;2.02909994125366
"572";"MEDITS_2016_G110_86";2016;27;"G110";43.41180013;4.250999959;20.7722263336182
"575";"MEDITS_2016_C403_12";2016;417.5;"C403";42.00434977;9.64890035;2.20879602432251
"576";"MEDITS_2018_G302_48";2018;105.7419355;"G302";42.61975;3.56995;2.69395971298218
"577";"MEDITS_2013_G401_42";2013;338.5;"G401";42.47441667;3.580333333;0
"578";"MEDITS_2016_C402_7";2016;479;"C402";41.78605143;9.499250285;3.15756940841675
"580";"MEDITS_2014_C402_12";2014;405.5;"C402";41.76816667;9.48225;4.23673486709595
"582";"MEDITS_2012_C501_23";2012;480.5;"C501";41.59375;9.552166667;3.23481464385986
"584";"MEDITS_2013_C405_3";2013;346.5;"C405";42.38358333;9.666416667;0.570772469043732
"585";"MEDITS_2018_G501_44";2018;610.231405;"G501";42.5184;3.62375;0.00797677785158157
"592";"MEDITS_2013_G402_38";2013;353.5;"G402";42.58616667;3.711833333;0
"594";"MEDITS_2013_C406_21";2013;345.5;"C406";42.61016667;9.665916667;1.02084302902222
"596";"MEDITS_2013_C404_4";2013;500.5;"C404";42.34225;9.691833333;0.260776549577713
"598";"MEDITS_2014_C504_4";2014;537;"C504";42.46225;9.723583333;0.842645287513733
"601";"MEDITS_2013_G105_51";2013;37;"G105";43.12258333;3.337;8.61471652984619
"603";"MEDITS_2013_G212_45";2013;101.5;"G212";42.67333333;3.590916667;5.22948598861694
"605";"MEDITS_2013_G505_76";2013;552.5;"G505";42.79375;4.709416667;0.000572371936868876
"608";"MEDITS_2016_C504_22";2016;552;"C504";42.45805257;9.722350057;0.193024173378944
"609";"MEDITS_2013_G502_37";2013;668;"G502";42.57325;3.8545;0
"612";"MEDITS_2016_G301_69";2016;112.5;"G301";42.47669678;3.356699626;1.77874314785004
"614";"MEDITS_2016_C503_14";2016;555;"C503";42.06219889;9.731000264;0.0243702344596386
"615";"MEDITS_2017_C504_23";2017;539.5;"C504";42.45389811;9.721150208;0.193024173378944
"616";"MEDITS_2013_C502_16";2013;471.5;"C502";41.93183333;9.613833333;2.16265058517456
"619";"MEDITS_2013_C402_15";2013;486;"C402";41.7885;9.5015;3.15756940841675
"626";"MEDITS_2013_G405_64";2013;393;"G405";42.67316667;4.131666667;0
"633";"MEDITS_2014_G212_45";2014;102;"G212";42.68058333;3.592833333;5.7762565612793
"634";"MEDITS_2013_G106_70";2013;38;"G106";43.21491667;3.54325;11.4665422439575
"637";"MEDITS_2016_G304_50";2016;125.5;"G304";42.8758016;4.403099823;2.11661624908447
"643";"MEDITS_2013_G203_40";2013;86.5;"G203";42.50691667;3.2545;4.49010419845581
"646";"MEDITS_2016_G209_70";2016;98;"G209";42.70339762;3.527000173;3.99400448799133
"657";"MEDITS_2016_C203_10";2016;65.5;"C203";41.97014567;9.541999817;1.34046256542206
"666";"MEDITS_2015_G305_47";2015;122.5;"G305";42.97;4.435083333;2.75953984260559
"674";"MEDITS_2016_G212_71";2016;104;"G212";42.67449951;3.591100057;5.22948598861694
"679";"MEDITS_2013_G208_57";2013;92;"G208";42.84541667;3.431333333;3.37537837028503
"682";"MEDITS_2014_G308_28";2014;112.5;"G308";43.06241667;4.847333333;1.97679376602173
"683";"MEDITS_2018_G214_84";2018;89.5;"G214";42.9033;3.6921;2.69965386390686
"689";"MEDITS_2013_G210_50";2013;88.5;"G210";43.04066667;3.564083333;2.53022432327271
"690";"MEDITS_2017_G218_57";2017;95;"G218";42.98429769;3.888049825;6.80727005004883
"694";"MEDITS_2013_G207_62";2013;85;"G207";42.7605;3.32975;6.49904012680054
"697";"MEDITS_2016_G204_47";2016;59;"G204";42.99715169;3.297600047;4.76835155487061
"702";"MEDITS_2017_G308_39";2017;110.5;"G308";43.0514974;4.835750071;2.16375970840454
"716";"MEDITS_2015_G304_46";2015;129;"G304";42.87458333;4.402583333;1.99251294136047
"717";"MEDITS_2018_G222_55";2018;91.09677419;"G222";43.0031;4.01875;5.64140748977661
"722";"MEDITS_2013_G209_44";2013;98;"G209";42.70125;3.517666667;4.09089231491089
"725";"MEDITS_2016_G303_51";2016;132.5;"G303";42.83695068;4.258750153;0.688182890415192
"726";"MEDITS_2013_G213_49";2013;90.5;"G213";43.0435;3.65625;3.24978446960449
"731";"MEDITS_2017_G107_54";2017;33.5;"G107";43.2892985;3.624199931;26.2027530670166
"733";"MEDITS_2017_G305_62";2017;118;"G305";42.98280029;4.425099945;2.86158967018127
"737";"MEDITS_2014_G218_35";2014;95;"G218";42.98925;3.89475;6.37227392196655
"741";"MEDITS_2016_G222_82";2016;94;"G222";42.99334717;4.022350057;5.64140748977661
"750";"MEDITS_2016_G310_32";2016;108.5;"G310";43.14915365;5.075;3.6186854839325
"752";"MEDITS_2017_G214_75";2017;93;"G214";42.90215251;3.686649831;2.82841086387634
"755";"MEDITS_2017_G310_41";2017;108;"G310";43.14800212;5.077000173;3.50045371055603
"759";"MEDITS_2014_G222_79";2014;94;"G222";42.99458333;4.020083333;5.64140748977661
"764";"MEDITS_2016_G202_74";2016;85;"G202";42.71735026;3.249199931;9.19649505615234
"769";"MEDITS_2016_G307_35";2016;114;"G307";42.99125163;4.690600077;1.72413039207458
"776";"MEDITS_2013_G211_48";2013;83.5;"G211";43.092;3.589166667;5.01997947692871
"780";"MEDITS_2017_G309_42";2017;111.5;"G309";43.14575195;4.988749695;4.80743598937988
"782";"MEDITS_2017_G307_46";2017;112.5;"G307";42.99675293;4.692500051;1.72378242015839
"788";"MEDITS_2013_G206_56";2013;83.5;"G206";42.81441667;3.318;6.58019638061523
"790";"MEDITS_2014_G310_26";2014;111;"G310";43.14891667;5.064583333;3.6186854839325
"792";"MEDITS_2018_G218_54";2018;91.07936508;"G218";42.9859;3.88975;6.80727005004883
"793";"MEDITS_2015_G307_35";2015;119;"G307";42.98933333;4.690916667;1.72413039207458
"795";"MEDITS_2016_G221_83";2016;98.5;"G221";43.0801473;4.00625;6.37263345718384
"811";"MEDITS_2017_G303_73";2017;132.5;"G303";42.83575033;4.259649913;0.688182890415192
"813";"MEDITS_2018_G310_27";2018;108.4677419;"G310";43.1479;5.06865;3.6186854839325
"814";"MEDITS_2017_G204_84";2017;60.5;"G204";42.9776001;3.283449809;4.53645372390747
"816";"MEDITS_2014_G303_70";2014;133;"G303";42.832;4.26075;0.688182890415192
"825";"MEDITS_2016_G308_34";2016;111;"G308";43.06184896;4.847450256;1.97679376602173
"834";"MEDITS_2017_G211_87";2017;85.5;"G211";43.09374593;3.590899913;5.01997947692871
"841";"MEDITS_2013_G305_33";2013;115;"G305";42.98691667;4.421916667;1.32770645618439
"849";"MEDITS_2015_G216_78";2015;97;"G216";43.0215;3.833666667;5.06149291992188
"855";"MEDITS_2013_G307_77";2013;116;"G307";42.9885;4.691166667;1.72413039207458
"858";"MEDITS_2017_G228_38";2017;62;"G228";43.25460205;4.395650228;7.3056902885437
"861";"MEDITS_2018_G308_28";2018;109.4761905;"G308";43.0595;4.8452;1.97679376602173
"866";"MEDITS_2013_G225_32";2013;91.5;"G225";43.08525;4.16875;3.2847912311554
"869";"MEDITS_2017_G225_60";2017;94.5;"G225";43.08610433;4.165100098;3.2847912311554
"879";"MEDITS_2014_G307_77";2014;118;"G307";42.98725;4.68925;1.72413039207458
"881";"MEDITS_2018_G212_80";2018;99.96774194;"G212";42.67685;3.5946;5.7762565612793
"887";"MEDITS_2013_G107_47";2013;31.5;"G107";43.28333333;3.61775;26.2027530670166
"891";"MEDITS_2013_G310_26";2013;110.5;"G310";43.14841667;5.059416667;3.6186854839325
"899";"MEDITS_2017_G216_56";2017;93;"G216";43.0161499;3.836450195;5.06149291992188
"900";"MEDITS_2018_G307_29";2018;116.1803279;"G307";42.99095;4.69085;1.72413039207458
"911";"MEDITS_2013_G201_58";2013;75.5;"G201";42.59291667;3.19925;6.82242298126221
"914";"MEDITS_2014_G302_42";2014;109;"G302";42.60891667;3.571583333;2.69395971298218
"919";"MEDITS_2014_G305_74";2014;118;"G305";42.981;4.425916667;2.86158967018127
"921";"MEDITS_2015_G308_27";2015;112;"G308";43.06191667;4.847333333;1.97679376602173
"941";"MEDITS_2012_G309_77";2012;114.5;"G309";43.14;4.9825;2.58823204040527
"946";"MEDITS_2012_C407_2";2012;268;"C407";42.66583333;9.587083333;0.17473791539669
"951";"MEDITS_2012_G207_44";2012;87;"G207";42.75883333;3.3275;6.49904012680054
"954";"MEDITS_2016_G405_66";2016;453.5;"G405";42.67019857;4.134349823;0
"972";"MEDITS_2016_G401_68";2016;344;"G401";42.47439779;3.580599976;0
"973";"MEDITS_2012_C406_15";2012;351;"C406";42.60058333;9.670416667;0.427832126617432
"974";"MEDITS_2017_C406_24";2017;347;"C406";42.61049805;9.666250102;1.02084302902222
"981";"MEDITS_2012_C505_3";2012;526;"C505";42.81116667;9.72975;0.101229175925255
"983";"MEDITS_2016_C505_2";2016;511;"C505";42.82225342;9.721599833;0
"984";"MEDITS_2012_G402_31";2012;334.5;"G402";42.58858333;3.70125;0
"997";"MEDITS_2018_G303_40";2018;132.1587302;"G303";42.83215;4.262;0.688182890415192
"1002";"MEDITS_2014_G502_38";2014;664;"G502";42.57916667;3.84625;0
"1006";"MEDITS_2015_C404_20";2015;482;"C404";42.33716667;9.687416667;3.19727683067322
"1010";"MEDITS_2015_G505_36";2015;503.5;"G505";42.80616667;4.705416667;0.0818491876125336
"1034";"MEDITS_2016_C404_21";2016;480.5;"C404";42.34399821;9.687900289;3.52641773223877
"1039";"MEDITS_2015_C505_23";2015;497;"C505";42.83391667;9.718166667;0.0221774652600288
"1052";"MEDITS_2015_C405_17";2015;344;"C405";42.38175;9.665583333;0.570772469043732
"1056";"MEDITS_2012_G230_76";2012;71;"G230";43.25233333;4.724166667;4.88958120346069
"1057";"MEDITS_2013_C505_23";2013;493.5;"C505";42.84125;9.7155;0.0221774652600288
"1088";"MEDITS_2012_C504_14";2012;535.5;"C504";42.46466667;9.7245;0.842645287513733
"1089";"MEDITS_2013_C504_1";2013;551;"C504";42.43666667;9.718333333;0.189025670289993
"1097";"MEDITS_2012_G308_68";2012;113;"G308";43.0585;4.843916667;1.97679376602173
"1143";"MEDITS_2014_G107_83";2014;33.5;"G107";43.28341667;3.615916667;26.2027530670166
"1146";"MEDITS_2017_C407_18";2017;264;"C407";42.66225179;9.588499959;0.17473791539669
"1152";"MEDITS_2018_G405_41";2018;405.9754098;"G405";42.66975;4.1379;0
"1181";"MEDITS_2017_C302_10";2017;132;"C302";41.93859863;9.555849711;1.07592856884003
"1185";"MEDITS_2013_G215_67";2013;95.5;"G215";42.88125;3.805583333;1.61518180370331
"1186";"MEDITS_2016_C301_6";2016;119.5;"C301";41.62360026;9.471599833;2.03123092651367
"1187";"MEDITS_2012_G214_48";2012;92.5;"G214";42.9015;3.682916667;2.82841086387634
"1188";"MEDITS_2012_C301_22";2012;111.5;"C301";41.63041667;9.466333333;2.02304124832153
"1191";"MEDITS_2012_G307_69";2012;121;"G307";42.98333333;4.690083333;1.72413039207458
"1193";"MEDITS_2016_C303_15";2016;105;"C303";42.23979899;9.629649862;0.0802446305751801
"1201";"MEDITS_2012_C303_7";2012;109;"C303";42.24891667;9.634;0
"1202";"MEDITS_2014_C302_16";2014;143;"C302";41.94316667;9.561416667;0.432062745094299
"1207";"MEDITS_2012_G203_34";2012;88.5;"G203";42.51291667;3.245666667;1.49886953830719
"1209";"MEDITS_2015_C204_13";2015;71.5;"C204";42.16625;9.603833333;0.113789200782776
"1211";"MEDITS_2018_C303_16";2018;107.1451613;"C303";42.2434;9.6313;0
"1223";"MEDITS_2014_C202_11";2014;73;"C202";41.83575;9.447333333;1.07717502117157
"1225";"MEDITS_2012_G215_49";2012;97;"G215";42.86241667;3.806833333;1.91784751415253
"1235";"MEDITS_2012_G406_80";2012;321.5;"G406";42.85508333;4.6945;1.13909256458282
"1236";"MEDITS_2013_C202_14";2013;72;"C202";41.84158333;9.452583333;1.07717502117157
"1239";"MEDITS_2016_C204_13";2016;70.5;"C204";42.16549886;9.603500366;0.113789200782776
"1241";"MEDITS_2012_G301_33";2012;113.5;"G301";42.47825;3.356166667;1.77874314785004
"1244";"MEDITS_2014_C301_10";2014;109.5;"C301";41.6315;9.464833333;2.02304124832153
"1245";"MEDITS_2012_C201_21";2012;90;"C201";41.48566667;9.467833333;1.00371384620667
"1247";"MEDITS_2017_C204_15";2017;65;"C204";42.1658488;9.603649394;0.113789200782776
"1248";"MEDITS_2017_C301_6";2017;111;"C301";41.62899984;9.466900126;2.02304124832153
"1249";"MEDITS_2014_G406_75";2014;293.5;"G406";42.8555;4.693416667;1.13909256458282
"1257";"MEDITS_2012_C302_10";2012;136;"C302";41.934;9.551833333;1.07592856884003
"1274";"MEDITS_2013_C302_19";2013;136;"C302";41.93591667;9.554583333;1.07592856884003
"1298";"MEDITS_2012_G206_89";2012;85;"G206";42.81716667;3.317833333;6.58019638061523
"1304";"MEDITS_2012_G213_58";2012;93;"G213";43.04408333;3.649833333;3.24978446960449
"1312";"MEDITS_2015_C202_9";2015;73.5;"C202";41.83691667;9.449;1.07717502117157
"1379";"MEDITS_2012_G208_47";2012;94;"G208";42.84333333;3.446333333;3.63550567626953
"1385";"MEDITS_2012_G228_65";2012;65;"G228";43.25358333;4.397083333;7.3056902885437
"1410";"MEDITS_2017_G304_63";2017;130.5;"G304";42.87220052;4.405799866;1.99251294136047
"1440";"MEDITS_2012_G211_59";2012;85.5;"G211";43.09716667;3.59;5.01997947692871
"1443";"MEDITS_2012_G303_86";2012;131;"G303";42.83433333;4.26075;0.688182890415192
"1447";"MEDITS_2012_G104_38";2012;43;"G104";42.95483333;3.17275;8.61080265045166
"1448";"MEDITS_2012_G302_29";2012;109.5;"G302";42.61466667;3.57125;2.69395971298218
"1453";"MEDITS_2012_G222_72";2012;93.5;"G222";42.99483333;4.02;5.64140748977661
"1457";"MEDITS_2012_G101_39";2012;31.5;"G101";42.95075;3.08775;0.320259749889374
"1464";"MEDITS_2012_G304_85";2012;125;"G304";42.8745;4.39725;1.99251294136047
"1480";"MEDITS_2012_G224_62";2012;90.5;"G224";43.2185;4.153666667;4.78011035919189
"1481";"MEDITS_2012_G204_40";2012;61;"G204";42.99075;3.293583333;4.20030689239502
"1483";"MEDITS_2012_G310_78";2012;111.5;"G310";43.14916667;5.064166667;3.6186854839325
"1484";"MEDITS_2012_G112_66";2012;39.5;"G112";43.31066667;4.539416667;11.0660972595215
"1486";"MEDITS_2012_G306_70";2012;116;"G306";43.03016667;4.542916667;3.63714241981506
"1487";"MEDITS_2012_G216_25";2012;96.5;"G216";43.02416667;3.831416667;5.06149291992188
"1494";"MEDITS_2012_G218_73";2012;95;"G218";42.991;3.894583333;6.37227392196655
"1495";"MEDITS_2012_G201_35";2012;78;"G201";42.59675;3.20125;6.82242298126221
"1496";"MEDITS_2012_G305_84";2012;114.5;"G305";42.978;4.430333333;2.86158967018127
"1517";"MEDITS_2012_G219_60";2012;69.5;"G219";43.34466667;3.76425;13.7948408126831
"1602";"MEDITS_2012_G105_56";2012;39.5;"G105";43.11508333;3.332166667;8.61471652984619
"1606";"MEDITS_2013_G218_68";2013;93;"G218";42.98308333;3.886;6.80727005004883
"1672";"MEDITS_2015_C403_11";2015;399.5;"C403";42.00558333;9.647916667;2.20879602432251
"1677";"MEDITS_2015_C408_1";2015;332.5;"C408";42.95658333;9.616833333;0
"1686";"MEDITS_2017_C502_12";2017;457.5;"C502";41.93735352;9.616050212;2.16265058517456
"1690";"MEDITS_2015_C401_3";2015;378.5;"C401";41.55775;9.54625;0.0526677556335926
"1699";"MEDITS_2012_G503_27";2012;672.5;"G503";42.68391667;3.967916667;0
"1700";"MEDITS_2013_G404_35";2013;414;"G404";42.76;3.9125;1.18202495574951
"1711";"MEDITS_2012_G504_88";2012;866;"G504";42.56816667;4.211166667;0
"1719";"MEDITS_2016_C304_19";2016;110;"C304";42.36075033;9.61825002;0.0772806704044342
"1728";"MEDITS_2014_G505_76";2014;516;"G505";42.81125;4.70075;0.100102119147778
"1739";"MEDITS_2012_C404_6";2012;481.5;"C404";42.33525;9.68725;3.19727683067322
"1741";"MEDITS_2014_C502_13";2014;500;"C502";41.92758333;9.613833333;2.16265058517456
"1746";"MEDITS_2015_C502_7";2015;488.5;"C502";41.9305;9.615166667;2.16265058517456
"1758";"MEDITS_2013_C408_24";2013;331;"C408";42.95775;9.616833333;0
"1763";"MEDITS_2015_C402_6";2015;486;"C402";41.78083333;9.494416667;3.15756940841675
"1764";"MEDITS_2015_C407_15";2015;267.5;"C407";42.66766667;9.5845;0.17473791539669
"1775";"MEDITS_2017_C503_14";2017;556.5;"C503";42.07099609;9.733249919;0.0243702344596386
"1779";"MEDITS_2015_C406_22";2015;352.5;"C406";42.604;9.668;0.427832126617432
"1791";"MEDITS_2012_C405_13";2012;339.5;"C405";42.37875;9.664583333;0.570772469043732
"1801";"MEDITS_2017_C403_13";2017;401.5;"C403";42.00524902;9.648350016;2.20879602432251
"1806";"MEDITS_2014_C405_18";2014;346;"C405";42.38808333;9.666416667;0.570772469043732
"1811";"MEDITS_2013_G503_36";2013;651.5;"G503";42.67808333;3.972416667;0
"1816";"MEDITS_2016_C405_18";2016;342.5;"C405";42.37814941;9.66280009;0.570772469043732
"1819";"MEDITS_2013_C407_22";2013;285.5;"C407";42.65916667;9.591333333;0.17473791539669
"1822";"MEDITS_2012_C401_20";2012;379.5;"C401";41.56291667;9.543333333;0.136940613389015
"1824";"MEDITS_2014_C404_20";2014;475.5;"C404";42.324;9.686166667;2.78088450431824
"1826";"MEDITS_2017_C402_8";2017;479;"C402";41.78575033;9.498299662;3.15756940841675
"1831";"MEDITS_2016_C407_16";2016;264;"C407";42.65634766;9.593799845;0.371781378984451
"1832";"MEDITS_2012_C403_12";2012;414;"C403";41.999;9.64425;2.20879602432251
"1914";"MEDITS_2018_G505_31";2018;631.5655738;"G505";42.79675;4.7095;0.000572371936868876
"1930";"MEDITS_2015_C303_14";2015;109;"C303";42.24291667;9.6315;0
"1941";"MEDITS_2013_G407_25";2013;454.5;"G407";42.9995;5.118916667;0
"2103";"MEDITS_2014_C204_23";2014;71;"C204";42.1655;9.603416667;0.113789200782776
"2125";"MEDITS_2013_G304_66";2013;123.5;"G304";42.8765;4.401833333;2.11661624908447
"2152";"MEDITS_2018_C202_9";2018;70.53125;"C202";41.83665;9.4489;1.07717502117157
"2184";"MEDITS_2012_G407_79";2012;515.5;"G407";43.00533333;5.118916667;0
"2268";"MEDITS_2016_C202_8";2016;71.5;"C202";41.83575033;9.44840037;1.07717502117157
"2275";"MEDITS_2018_C304_19";2018;108.7377049;"C304";42.3726;9.6187;0.0772806704044342
"2281";"MEDITS_2016_C302_11";2016;157;"C302";41.94965007;9.569200134;0.432062745094299
"2284";"MEDITS_2013_C201_10";2013;88;"C201";41.49008333;9.4655;1.00371384620667
"2286";"MEDITS_2014_C201_7";2014;90;"C201";41.48441667;9.46875;1.00371384620667
"2297";"MEDITS_2017_C304_21";2017;110;"C304";42.36300049;9.618900045;0.0772806704044342
"2300";"MEDITS_2015_C206_16";2015;85.5;"C206";42.45875;9.621333333;0.0509607680141926
"2304";"MEDITS_2017_C202_9";2017;72;"C202";41.84209798;9.453649394;0.0166826490312815
"2312";"MEDITS_2016_C206_17";2016;90;"C206";42.46350098;9.621900431;0.0509607680141926
"2313";"MEDITS_2017_C303_16";2017;106.5;"C303";42.24574788;9.632350159;0
"2316";"MEDITS_2018_C302_11";2018;135.5714286;"C302";41.9398;9.5575;1.07592856884003
"2320";"MEDITS_2018_C206_18";2018;85.25396825;"C206";42.4613;9.62175;0.0509607680141926
"2322";"MEDITS_2014_C303_6";2014;108;"C303";42.25783333;9.636916667;0
"2330";"MEDITS_2016_C205_20";2016;81.5;"C205";42.37025146;9.603849792;0.0657604783773422
"2334";"MEDITS_2012_C304_16";2012;112.5;"C304";42.35983333;9.619166667;0.0772806704044342
"2385";"MEDITS_2013_C304_5";2013;111;"C304";42.362;9.619583333;0.0772806704044342
"2386";"MEDITS_2012_G401_42";2012;373.5;"G401";42.47308333;3.587916667;0
"2388";"MEDITS_2017_C405_20";2017;338.5;"C405";42.38400065;9.665149943;0.570772469043732
"2497";"MEDITS_2014_C505_2";2014;510.5;"C505";42.82408333;9.723333333;0
"2507";"MEDITS_2017_C501_3";2017;485.5;"C501";41.59425049;9.552799988;3.23481464385986
"2550";"MEDITS_2013_C403_18";2013;404.5;"C403";42.00833333;9.651083333;0.5524080991745
"2556";"MEDITS_2018_C406_23";2018;345.942623;"C406";42.6095;9.66685;1.02084302902222
"2637";"MEDITS_2017_C404_17";2017;479;"C404";42.3375;9.687349447;3.19727683067322
"2639";"MEDITS_2018_C407_3";2018;268.852459;"C407";42.6672;9.585;0.17473791539669
"2704";"MEDITS_2012_G405_81";2012;551;"G405";42.80733333;4.703083333;0.0818491876125336
"2730";"MEDITS_2012_G212_30";2012;102.5;"G212";42.68158333;3.594;5.7762565612793
"2755";"MEDITS_2018_C504_21";2018;536.9586777;"C504";42.4577;9.72115;0.193024173378944
"2783";"MEDITS_2013_C401_11";2013;373.5;"C401";41.55991667;9.544166667;0.136940613389015
"2799";"MEDITS_2016_G404_64";2016;425.5;"G404";42.77275391;3.906600189;0.914869070053101
"2878";"MEDITS_2016_C201_3";2016;88;"C201";41.48174642;9.470599874;1.00371384620667
"2909";"MEDITS_2018_C301_6";2018;106;"C301";41.633;9.46455;2.02304124832153
"3035";"MEDITS_2017_C401_4";2017;365.5;"C401";41.55050049;9.548949687;0.0526677556335926
"3090";"MEDITS_2016_G502_67";2016;668.5;"G502";42.56900228;3.865500132;0
"3109";"MEDITS_2017_C505_2";2017;489.5;"C505";42.83734945;9.717599996;0.0221774652600288
"3140";"MEDITS_2015_C503_12";2015;557.5;"C503";42.06808333;9.732833333;0.0243702344596386
"3184";"MEDITS_2017_C206_19";2017;82;"C206";42.46420085;9.621799723;0.0509607680141926
"3185";"MEDITS_2018_C408_24";2018;325.2540984;"C408";42.95335;9.61565;0
"3267";"MEDITS_2014_C408_1";2014;335;"C408";42.95875;9.625416667;0
"3629";"MEDITS_2018_C505_2";2018;474.4615385;"C505";42.8448;9.7136;0.515419363975525
"3648";"MEDITS_2018_C503_14";2018;550.601626;"C503";42.0871;9.7375;0.0309279039502144
"3660";"MEDITS_2017_C408_1";2017;339.5;"C408";42.94299723;9.611749776;0
"3670";"MEDITS_2012_G405_87";2012;428;"G405";42.67291667;4.135916667;0
"3839";"MEDITS_2014_C407_3";2014;284;"C407";42.66083333;9.59075;0.17473791539669
"3840";"MEDITS_2013_C501_12";2013;465;"C501";41.61241667;9.533666667;1.74392783641815
"3862";"MEDITS_2012_C408_1";2012;337.5;"C408";42.95925;9.618083333;0
"3875";"MEDITS_2014_C501_9";2014;466;"C501";41.60316667;9.54325;3.23481464385986
"3891";"MEDITS_2018_C403_13";2018;395.3442623;"C403";42.0171;9.65615;0.5524080991745
"3913";"MEDITS_2018_C501_8";2018;475.2926829;"C501";41.59495;9.55155;3.23481464385986
"3936";"MEDITS_2018_C402_7";2018;462.9674797;"C402";41.7784;9.49065;2.02909994125366
"4015";"MEDITS_2012_C503_17";2012;557.5;"C503";42.07283333;9.73425;0.0243702344596386
"4016";"MEDITS_2018_G406_30";2018;254.6803279;"G406";42.8711;4.67625;0.453981190919876
"4041";"MEDITS_2014_C401_8";2014;376;"C401";41.54716667;9.551333333;0.0526677556335926
"4061";"MEDITS_2015_C302_8";2015;84.5;"C302";41.94691667;9.565166667;0.432062745094299
"4101";"MEDITS_2013_C301_13";2013;109.5;"C301";41.6245;9.468416667;2.03123092651367
"4102";"MEDITS_2018_C401_5";2018;369.8861789;"C401";41.54375;9.5526;0.0526677556335926
"4195";"MEDITS_2015_G407_26";2015;574.5;"G407";42.99758333;5.115;0
"4481";"MEDITS_2018_C502_10";2018;462.2601626;"C502";41.9464;9.6179;3.33019781112671
"4525";"MEDITS_2013_G303_65";2013;133.5;"G303";42.8325;4.262;0.688182890415192
"4745";"MEDITS_2014_C503_22";2014;555.5;"C503";42.07616667;9.734083333;0.0309279039502144
"5341";"MEDITS_2018_C405_20";2018;340.9593496;"C405";42.3829;9.66535;0.570772469043732
"5549";"MEDITS_2012_C502_11";2012;498;"C502";41.92841667;9.614833333;2.16265058517456
"6213";"MEDITS_2013_C503_8";2013;572;"C503";42.064;9.731833333;0.0243702344596386
"6216";"MEDITS_2018_C404_17";2018;482.1900826;"C404";42.3481;9.68835;3.52641773223877
